time,phase,gt_x,gt_y,gt_z,gt_yaw,cmd_lin,cmd_ang
0.100,outbound,-94.959,-6.007,0.086,0.0653,0.000,0.000
0.200,outbound,-94.959,-6.007,0.086,0.0653,0.000,0.000
0.300,outbound,-94.959,-6.007,0.086,0.0653,0.000,0.000
0.400,outbound,-94.959,-6.007,0.086,0.0653,0.000,0.000
0.500,outbound,-94.959,-6.007,0.086,0.0653,0.000,0.000
0.600,outbound,-94.959,-6.007,0.086,0.0653,0.000,0.000
0.700,outbound,-94.959,-6.007,0.086,0.0653,0.000,0.000
0.800,outbound,-94.959,-6.007,0.086,0.0653,0.000,0.000
0.900,outbound,-94.959,-6.007,0.086,0.0653,0.000,0.000
1.000,outbound,-94.959,-6.007,0.086,0.0653,0.000,0.000
1.100,outbound,-94.959,-6.007,0.086,0.0653,0.000,0.000
1.200,outbound,-94.959,-6.007,0.086,0.0653,0.000,0.000
1.300,outbound,-94.959,-6.007,0.086,0.0653,0.000,0.000
1.400,outbound,-94.959,-6.007,0.086,0.0653,0.000,0.000
1.500,outbound,-94.959,-6.007,0.086,0.0653,0.000,0.000
1.600,outbound,-94.959,-6.007,0.086,0.0653,0.000,0.000
1.700,outbound,-94.959,-6.007,0.086,0.0653,0.000,0.000
1.800,outbound,-94.959,-6.007,0.086,0.0653,0.000,0.000
1.900,outbound,-94.959,-6.007,0.086,0.0653,0.000,0.000
2.000,outbound,-94.959,-6.007,0.086,0.0653,0.000,0.000
2.100,outbound,-94.959,-6.007,0.086,0.0653,0.000,0.000
2.200,outbound,-94.959,-6.007,0.086,0.0653,0.000,0.000
2.300,outbound,-94.959,-6.007,0.086,0.0653,0.000,0.000
2.400,outbound,-94.959,-6.007,0.086,0.0653,0.000,0.000
2.500,outbound,-94.959,-6.007,0.086,0.0653,0.000,0.000
2.600,outbound,-94.959,-6.007,0.086,0.0653,0.000,0.000
2.700,outbound,-94.959,-6.007,0.086,0.0653,0.000,0.000
2.800,outbound,-94.959,-6.007,0.086,0.0653,0.000,0.000
2.900,outbound,-94.959,-6.007,0.086,0.0653,0.000,0.000
3.000,outbound,-94.959,-6.007,0.086,0.0653,0.000,0.000
3.100,outbound,-94.959,-6.007,0.086,0.0653,0.000,0.000
3.200,outbound,-94.959,-6.007,0.086,0.0653,0.000,0.000
3.300,outbound,-94.959,-6.007,0.086,0.0653,0.000,0.000
3.400,outbound,-94.959,-6.007,0.086,0.0653,0.000,0.000
3.500,outbound,-94.959,-6.007,0.086,0.0653,0.000,0.000
3.600,outbound,-94.959,-6.007,0.086,0.0653,0.000,0.000
3.700,outbound,-94.959,-6.007,0.086,0.0653,0.000,0.000
3.800,outbound,-94.959,-6.007,0.086,0.0653,0.000,0.000
3.900,outbound,-94.959,-6.007,0.086,0.0653,0.000,0.000
4.000,outbound,-94.959,-6.007,0.086,0.0653,0.000,0.000
4.100,outbound,-94.959,-6.007,0.086,0.0653,0.000,0.000
4.200,outbound,-94.959,-6.007,0.086,0.0653,0.000,0.000
4.300,outbound,-94.959,-6.007,0.086,0.0653,0.000,0.000
4.400,outbound,-94.959,-6.007,0.086,0.0653,0.000,0.000
4.500,outbound,-94.959,-6.007,0.086,0.0653,0.000,0.000
4.600,outbound,-94.959,-6.007,0.086,0.0653,0.000,0.000
4.700,outbound,-94.959,-6.007,0.086,0.0653,0.000,0.000
4.800,outbound,-94.952,-6.007,0.087,0.0602,0.800,-0.063
4.900,outbound,-94.905,-6.004,0.087,0.0508,0.758,-0.021
5.000,outbound,-94.830,-6.002,0.088,0.0489,0.800,-0.021
5.100,outbound,-94.750,-5.998,0.088,0.0493,0.800,-0.021
5.200,outbound,-94.668,-5.995,0.086,0.0494,0.758,-0.063
5.300,outbound,-94.588,-5.992,0.087,0.0444,0.758,-0.021
5.400,outbound,-94.506,-5.990,0.086,0.0434,0.800,0.063
5.500,outbound,-94.424,-5.988,0.088,0.0441,0.800,0.063
5.600,outbound,-94.344,-5.985,0.087,0.0427,0.800,0.063
5.700,outbound,-94.261,-5.982,0.087,0.0439,0.758,0.063
5.800,outbound,-94.180,-5.980,0.087,0.0409,0.758,0.147
5.900,outbound,-94.101,-5.978,0.087,0.0432,0.800,0.189
6.000,outbound,-94.025,-5.974,0.089,0.0464,0.800,0.189
6.100,outbound,-93.944,-5.970,0.088,0.0528,0.758,0.147
6.200,outbound,-93.867,-5.965,0.089,0.0573,0.758,0.147
6.300,outbound,-93.789,-5.962,0.087,0.0657,0.800,0.232
6.400,outbound,-93.709,-5.960,0.086,0.0742,0.800,0.232
6.500,outbound,-93.629,-5.956,0.086,0.0757,0.758,0.189
6.600,outbound,-93.548,-5.958,0.089,0.0761,0.758,0.274
6.700,outbound,-93.466,-5.953,0.087,0.0780,0.800,0.232
6.800,outbound,-93.386,-5.948,0.089,0.0860,0.800,0.274
6.900,outbound,-93.307,-5.940,0.086,0.0925,0.800,0.232
7.000,outbound,-93.224,-5.931,0.088,0.1042,0.800,0.316
7.100,outbound,-93.143,-5.923,0.088,0.1080,0.800,0.358
7.200,outbound,-93.060,-5.914,0.087,0.1188,0.800,0.316
7.300,outbound,-92.978,-5.910,0.087,0.1318,0.758,0.316
7.400,outbound,-92.899,-5.902,0.090,0.1412,0.800,0.400
7.500,outbound,-92.818,-5.891,0.089,0.1522,0.800,0.358
7.600,outbound,-92.736,-5.881,0.088,0.1684,0.800,0.358
7.700,outbound,-92.656,-5.869,0.090,0.1752,0.800,0.400
7.800,outbound,-92.574,-5.856,0.089,0.1882,0.800,0.400
7.900,outbound,-92.494,-5.841,0.089,0.2008,0.000,0.000
8.000,outbound,-92.417,-5.828,0.088,0.2082,0.758,0.105
8.100,outbound,-92.345,-5.810,0.089,0.2012,0.800,0.189
8.200,outbound,-92.269,-5.792,0.091,0.2165,0.800,0.232
8.300,outbound,-92.189,-5.774,0.090,0.2252,0.758,0.147
8.400,outbound,-92.114,-5.758,0.090,0.2350,0.800,0.063
8.500,outbound,-92.035,-5.742,0.091,0.2341,0.758,0.105
8.600,outbound,-91.958,-5.725,0.089,0.2378,0.800,0.063
8.700,outbound,-91.879,-5.709,0.090,0.2417,0.800,0.105
8.800,outbound,-91.801,-5.691,0.090,0.2483,0.800,0.274
8.900,outbound,-91.724,-5.673,0.092,0.2560,0.800,0.232
9.000,outbound,-91.646,-5.652,0.092,0.2639,0.800,0.232
9.100,outbound,-91.568,-5.630,0.089,0.2685,0.800,0.274
9.200,outbound,-91.487,-5.608,0.091,0.2762,0.800,0.232
9.300,outbound,-91.408,-5.587,0.090,0.2796,0.800,0.274
9.400,outbound,-91.331,-5.564,0.090,0.2820,0.758,0.316
9.500,outbound,-91.254,-5.538,0.089,0.2920,0.800,0.274
9.600,outbound,-91.176,-5.517,0.089,0.2987,0.758,0.105
9.700,outbound,-91.099,-5.493,0.089,0.2983,0.800,0.189
9.800,outbound,-91.020,-5.469,0.090,0.3025,0.800,0.232
9.900,outbound,-90.940,-5.445,0.089,0.3075,0.800,0.189
10.000,outbound,-90.861,-5.419,0.089,0.3137,0.800,0.189
10.100,outbound,-90.783,-5.391,0.089,0.3172,0.758,0.316
10.200,outbound,-90.705,-5.366,0.087,0.3265,0.800,0.358
10.300,outbound,-90.630,-5.340,0.089,0.3313,0.800,0.316
10.400,outbound,-90.555,-5.317,0.087,0.3300,0.758,0.316
10.500,outbound,-90.478,-5.291,0.088,0.3435,0.758,0.274
10.600,outbound,-90.400,-5.263,0.087,0.3514,0.800,0.316
10.700,outbound,-90.324,-5.235,0.087,0.3597,0.800,0.274
10.800,outbound,-90.248,-5.205,0.087,0.3623,0.758,0.274
10.900,outbound,-90.172,-5.176,0.087,0.3719,0.800,0.316
11.000,outbound,-90.097,-5.146,0.087,0.3809,0.800,0.400
11.100,outbound,-90.021,-5.116,0.086,0.3933,0.800,0.316
11.200,outbound,-89.946,-5.085,0.085,0.4023,0.800,0.316
11.300,outbound,-89.873,-5.052,0.087,0.4124,0.800,0.358
11.400,outbound,-89.797,-5.021,0.088,0.4185,0.800,0.274
11.500,outbound,-89.722,-4.987,0.087,0.4246,0.800,0.274
11.600,outbound,-89.645,-4.953,0.086,0.4274,0.800,0.358
11.700,outbound,-89.573,-4.919,0.087,0.4342,0.800,0.358
11.800,outbound,-89.501,-4.884,0.086,0.4479,0.800,0.400
11.900,outbound,-89.428,-4.847,0.086,0.4598,0.758,0.400
12.000,outbound,-89.358,-4.814,0.088,0.4727,0.800,0.400
12.100,outbound,-89.285,-4.779,0.087,0.4823,0.800,0.358
12.200,outbound,-89.213,-4.740,0.088,0.4946,0.800,0.400
12.300,outbound,-89.141,-4.702,0.087,0.5031,0.800,0.400
12.400,outbound,-89.068,-4.663,0.087,0.5098,0.758,0.316
12.500,outbound,-88.999,-4.625,0.088,0.5132,0.800,0.358
12.600,outbound,-88.927,-4.584,0.088,0.5220,0.758,0.358
12.700,outbound,-88.858,-4.545,0.087,0.5343,0.800,0.358
12.800,outbound,-88.789,-4.505,0.087,0.5400,0.758,0.358
12.900,outbound,-88.720,-4.464,0.087,0.5499,0.800,0.400
13.000,outbound,-88.651,-4.420,0.087,0.5595,0.800,0.316
13.100,outbound,-88.582,-4.378,0.087,0.5625,0.800,0.232
13.200,outbound,-88.514,-4.331,0.087,0.5687,0.800,0.316
13.300,outbound,-88.445,-4.289,0.087,0.5763,0.800,0.232
13.400,outbound,-88.375,-4.245,0.087,0.5818,0.758,0.232
13.500,outbound,-88.307,-4.203,0.087,0.5876,0.758,0.316
13.600,outbound,-88.237,-4.157,0.089,0.5959,0.800,0.316
13.700,outbound,-88.169,-4.112,0.089,0.6093,0.758,0.274
13.800,outbound,-88.105,-4.065,0.089,0.6187,0.800,0.316
13.900,outbound,-88.039,-4.019,0.089,0.6176,0.758,0.358
14.000,outbound,-87.977,-3.974,0.090,0.6320,0.800,0.316
14.100,outbound,-87.913,-3.928,0.089,0.6342,0.800,0.358
14.200,outbound,-87.849,-3.879,0.090,0.6442,0.800,0.274
14.300,outbound,-87.784,-3.831,0.091,0.6491,0.758,0.274
14.400,outbound,-87.719,-3.786,0.091,0.6534,0.800,0.316
14.500,outbound,-87.658,-3.736,0.090,0.6602,0.000,0.147
14.600,outbound,-87.612,-3.699,0.090,0.6571,0.800,0.000
14.700,outbound,-87.551,-3.655,0.091,0.6598,0.758,-0.021
14.800,outbound,-87.490,-3.610,0.091,0.6527,0.800,0.021
14.900,outbound,-87.424,-3.558,0.091,0.6530,0.758,-0.105
15.000,outbound,-87.360,-3.510,0.091,0.6510,0.800,0.021
15.100,outbound,-87.295,-3.462,0.092,0.6492,0.800,0.063
15.200,outbound,-87.230,-3.413,0.093,0.6517,0.800,0.000
15.300,outbound,-87.166,-3.363,0.092,0.6549,0.800,-0.063
15.400,outbound,-87.103,-3.311,0.093,0.6507,0.800,0.021
15.500,outbound,-87.037,-3.261,0.092,0.6507,0.758,0.000
15.600,outbound,-86.972,-3.212,0.093,0.6523,0.800,0.021
15.700,outbound,-86.907,-3.164,0.093,0.6513,0.800,-0.021
15.800,outbound,-86.842,-3.115,0.094,0.6492,0.800,-0.063
15.900,outbound,-86.776,-3.067,0.094,0.6477,0.800,-0.147
16.000,outbound,-86.711,-3.019,0.095,0.6444,0.800,-0.189
16.100,outbound,-86.646,-2.970,0.095,0.6368,0.758,-0.232
16.200,outbound,-86.582,-2.924,0.094,0.6328,0.758,-0.274
16.300,outbound,-86.517,-2.876,0.096,0.6324,0.800,-0.063
16.400,outbound,-86.451,-2.827,0.096,0.6280,0.800,-0.105
16.500,outbound,-86.384,-2.778,0.097,0.6262,0.800,-0.189
16.600,outbound,-86.317,-2.729,0.096,0.6222,0.800,-0.232
16.700,outbound,-86.248,-2.682,0.097,0.6189,0.800,0.000
16.800,outbound,-86.180,-2.634,0.097,0.6177,0.758,0.000
16.900,outbound,-86.113,-2.589,0.099,0.6195,0.800,-0.147
17.000,outbound,-86.050,-2.543,0.097,0.6163,0.758,-0.105
17.100,outbound,-85.984,-2.495,0.097,0.6118,0.800,-0.189
17.200,outbound,-85.916,-2.450,0.098,0.6024,0.800,-0.232
17.300,outbound,-85.850,-2.405,0.098,0.5927,0.800,-0.274
17.400,outbound,-85.782,-2.361,0.098,0.5832,0.758,-0.274
17.500,outbound,-85.713,-2.319,0.097,0.5752,0.800,-0.105
17.600,outbound,-85.644,-2.276,0.098,0.5684,0.758,-0.105
17.700,outbound,-85.575,-2.233,0.097,0.5638,0.800,-0.189
17.800,outbound,-85.506,-2.189,0.096,0.5642,0.758,-0.316
17.900,outbound,-85.435,-2.147,0.097,0.5547,0.758,-0.274
18.000,outbound,-85.365,-2.103,0.097,0.5466,0.800,-0.189
18.100,outbound,-85.293,-2.061,0.097,0.5471,0.758,-0.189
18.200,outbound,-85.227,-2.015,0.096,0.5410,0.758,-0.274
18.300,outbound,-85.158,-1.974,0.096,0.5330,0.800,-0.316
18.400,outbound,-85.087,-1.933,0.096,0.5276,0.800,-0.358
18.500,outbound,-85.019,-1.891,0.095,0.5219,0.800,-0.400
18.600,outbound,-84.950,-1.851,0.094,0.5133,0.758,-0.400
18.700,outbound,-84.882,-1.812,0.094,0.5033,0.716,-0.400
18.800,outbound,-84.812,-1.776,0.092,0.4924,0.632,-0.400
18.900,outbound,-84.746,-1.740,0.092,0.4822,0.505,-0.400
19.000,outbound,-84.687,-1.710,0.092,0.4726,0.800,-0.400
19.100,outbound,-84.619,-1.677,0.090,0.4602,0.800,-0.400
19.200,outbound,-84.547,-1.641,0.091,0.4480,0.758,-0.400
19.300,outbound,-84.475,-1.607,0.090,0.4340,0.758,-0.400
19.400,outbound,-84.403,-1.572,0.089,0.4241,0.800,-0.400
19.500,outbound,-84.329,-1.541,0.090,0.4107,0.800,-0.400
19.600,outbound,-84.253,-1.508,0.089,0.4008,0.758,-0.400
19.700,outbound,-84.180,-1.477,0.090,0.3880,0.758,-0.400
19.800,outbound,-84.108,-1.449,0.088,0.3794,0.800,-0.400
19.900,outbound,-84.036,-1.417,0.090,0.3653,0.800,-0.400
20.000,outbound,-83.959,-1.389,0.089,0.3542,0.758,-0.400
20.100,outbound,-83.885,-1.360,0.088,0.3418,0.758,-0.400
20.200,outbound,-83.810,-1.333,0.089,0.3302,0.800,-0.400
20.300,outbound,-83.734,-1.307,0.088,0.3214,0.800,-0.400
20.400,outbound,-83.655,-1.283,0.090,0.3146,0.758,-0.400
20.500,outbound,-83.578,-1.261,0.089,0.3037,0.758,-0.400
20.600,outbound,-83.503,-1.238,0.090,0.2947,0.800,-0.400
20.700,outbound,-83.429,-1.213,0.090,0.2906,0.800,-0.400
20.800,outbound,-83.355,-1.190,0.090,0.2864,0.758,-0.400
20.900,outbound,-83.279,-1.171,0.090,0.2775,0.800,-0.021
21.000,outbound,-83.205,-1.148,0.091,0.2831,0.000,0.105
21.100,outbound,-83.149,-1.132,0.091,0.2747,0.800,-0.358
21.200,outbound,-83.079,-1.112,0.092,0.2734,0.758,-0.400
21.300,outbound,-83.002,-1.091,0.091,0.2636,0.800,-0.400
21.400,outbound,-82.924,-1.072,0.091,0.2558,0.800,-0.400
21.500,outbound,-82.845,-1.053,0.091,0.2449,0.800,-0.274
21.600,outbound,-82.767,-1.035,0.090,0.2345,0.758,-0.358
21.700,outbound,-82.689,-1.014,0.091,0.2243,0.758,-0.232
21.800,outbound,-82.610,-0.997,0.091,0.2161,0.800,-0.358
21.900,outbound,-82.530,-0.982,0.091,0.2072,0.800,-0.021
22.000,outbound,-82.451,-0.966,0.090,0.2095,0.758,-0.063
22.100,outbound,-82.370,-0.947,0.088,0.2094,0.758,-0.063
22.200,outbound,-82.289,-0.930,0.088,0.2079,0.758,-0.063
22.300,outbound,-82.210,-0.914,0.088,0.2065,0.800,-0.105
22.400,outbound,-82.133,-0.898,0.088,0.2033,0.800,-0.105
22.500,outbound,-82.056,-0.882,0.090,0.2028,0.758,-0.105
22.600,outbound,-81.978,-0.866,0.089,0.2018,0.758,-0.147
22.700,outbound,-81.900,-0.849,0.089,0.1928,0.800,0.063
22.800,outbound,-81.820,-0.833,0.088,0.1978,0.800,0.063
22.900,outbound,-81.740,-0.818,0.088,0.1967,0.758,0.063
23.000,outbound,-81.661,-0.800,0.091,0.1995,0.800,0.105
23.100,outbound,-81.581,-0.782,0.091,0.1959,0.758,0.000
23.200,outbound,-81.503,-0.767,0.091,0.1932,0.800,0.063
23.300,outbound,-81.423,-0.751,0.092,0.1924,0.800,-0.021
23.400,outbound,-81.343,-0.738,0.092,0.1924,0.800,0.021
23.500,outbound,-81.262,-0.724,0.093,0.1892,0.758,0.063
23.600,outbound,-81.183,-0.706,0.094,0.1906,0.800,0.021
23.700,outbound,-81.104,-0.690,0.095,0.1951,0.800,0.000
23.800,outbound,-81.024,-0.675,0.095,0.1914,0.800,-0.021
23.900,outbound,-80.944,-0.659,0.094,0.1897,0.758,-0.021
24.000,outbound,-80.866,-0.643,0.097,0.1868,0.758,-0.021
24.100,outbound,-80.786,-0.626,0.096,0.1866,0.800,0.021
24.200,outbound,-80.705,-0.612,0.098,0.1858,0.800,0.063
24.300,outbound,-80.626,-0.596,0.098,0.1871,0.800,0.021
24.400,outbound,-80.546,-0.580,0.098,0.1887,0.758,0.000
24.500,outbound,-80.467,-0.566,0.098,0.1879,0.758,-0.021
24.600,outbound,-80.387,-0.549,0.099,0.1850,0.758,-0.021
24.700,outbound,-80.311,-0.535,0.102,0.1884,0.800,0.063
24.800,outbound,-80.234,-0.523,0.101,0.1887,0.758,0.021
24.900,outbound,-80.154,-0.508,0.100,0.1849,0.758,0.063
25.000,outbound,-80.074,-0.491,0.101,0.1914,0.758,0.021
25.100,outbound,-79.994,-0.476,0.101,0.1906,0.800,-0.021
25.200,outbound,-79.914,-0.459,0.103,0.1915,0.800,-0.021
25.300,outbound,-79.834,-0.444,0.103,0.1893,0.800,-0.021
25.400,outbound,-79.754,-0.428,0.103,0.1889,0.800,0.021
25.500,outbound,-79.672,-0.414,0.103,0.1844,0.800,0.063
25.600,outbound,-79.590,-0.396,0.103,0.1827,0.800,0.021
25.700,outbound,-79.511,-0.384,0.104,0.1798,0.800,0.000
25.800,outbound,-79.431,-0.368,0.105,0.1755,0.800,-0.021
25.900,outbound,-79.353,-0.354,0.104,0.1739,0.758,-0.021
26.000,outbound,-79.274,-0.340,0.104,0.1745,0.758,-0.021
26.100,outbound,-79.197,-0.326,0.103,0.1773,0.800,0.063
26.200,outbound,-79.116,-0.312,0.106,0.1782,0.800,0.021
26.300,outbound,-79.033,-0.296,0.106,0.1832,0.800,0.000
26.400,outbound,-78.951,-0.282,0.105,0.1797,0.758,0.021
26.500,outbound,-78.872,-0.266,0.105,0.1761,0.758,0.000
26.600,outbound,-78.791,-0.250,0.106,0.1752,0.800,-0.021
26.700,outbound,-78.711,-0.232,0.106,0.1755,0.800,-0.063
26.800,outbound,-78.630,-0.217,0.105,0.1720,0.800,-0.063
26.900,outbound,-78.548,-0.203,0.106,0.1730,0.758,-0.063
27.000,outbound,-78.469,-0.190,0.106,0.1774,0.758,0.000
27.100,outbound,-78.390,-0.175,0.104,0.1766,0.800,0.000
27.200,outbound,-78.311,-0.158,0.107,0.1712,0.800,-0.021
27.300,outbound,-78.234,-0.144,0.105,0.1700,0.800,-0.021
27.400,outbound,-78.155,-0.131,0.106,0.1687,0.758,-0.021
27.500,outbound,-78.075,-0.117,0.104,0.1651,0.758,-0.063
27.600,outbound,-77.996,-0.105,0.105,0.1645,0.758,-0.063
27.700,outbound,-77.918,-0.092,0.106,0.1595,0.800,-0.063
27.800,outbound,-77.838,-0.081,0.107,0.1587,0.800,-0.063
27.900,outbound,-77.758,-0.070,0.105,0.1566,0.758,-0.105
28.000,outbound,-77.679,-0.057,0.106,0.1535,0.758,-0.105
28.100,outbound,-77.600,-0.045,0.104,0.1506,0.758,-0.105
28.200,outbound,-77.522,-0.034,0.105,0.1480,0.800,-0.105
28.300,outbound,-77.442,-0.021,0.103,0.1460,0.800,-0.147
28.400,outbound,-77.362,-0.013,0.105,0.1415,0.758,-0.021
28.500,outbound,-77.282,-0.004,0.104,0.1353,0.758,-0.021
28.600,outbound,-77.201,0.006,0.103,0.1330,0.800,-0.021
28.700,outbound,-77.121,0.015,0.103,0.1330,0.800,-0.063
28.800,outbound,-77.040,0.025,0.102,0.1325,0.758,0.063
28.900,outbound,-76.959,0.035,0.103,0.1295,0.800,0.021
29.000,outbound,-76.876,0.046,0.103,0.1325,0.758,0.063
29.100,outbound,-76.797,0.054,0.100,0.1294,0.800,0.021
29.200,outbound,-76.718,0.066,0.101,0.1327,0.800,0.000
29.300,outbound,-76.635,0.076,0.100,0.1326,0.800,0.000
29.400,outbound,-76.554,0.085,0.102,0.1300,0.758,0.000
29.500,outbound,-76.473,0.094,0.101,0.1257,0.758,-0.021
29.600,outbound,-76.393,0.104,0.101,0.1239,0.758,-0.021
29.700,outbound,-76.313,0.111,0.100,0.1228,0.800,-0.021
29.800,outbound,-76.233,0.122,0.099,0.1171,0.800,-0.021
29.900,outbound,-76.153,0.129,0.099,0.1154,0.758,-0.021
30.000,outbound,-76.071,0.138,0.099,0.1127,0.758,-0.063
30.100,outbound,-75.990,0.148,0.100,0.1097,0.800,0.063
30.200,outbound,-75.908,0.158,0.097,0.1122,0.800,0.021
30.300,outbound,-75.828,0.165,0.098,0.1148,0.800,0.021
30.400,outbound,-75.747,0.171,0.098,0.1135,0.758,0.021
30.500,outbound,-75.669,0.178,0.098,0.1108,0.758,0.021
30.600,outbound,-75.586,0.185,0.098,0.1117,0.758,0.021
30.700,outbound,-75.507,0.191,0.097,0.1084,0.800,0.000
30.800,outbound,-75.429,0.197,0.095,0.1071,0.800,0.000
30.900,outbound,-75.349,0.205,0.095,0.1066,0.800,-0.021
31.000,outbound,-75.268,0.213,0.094,0.1040,0.758,-0.021
31.100,outbound,-75.190,0.218,0.095,0.0989,0.758,-0.021
31.200,outbound,-75.109,0.225,0.095,0.1005,0.800,-0.021
31.300,outbound,-75.031,0.231,0.094,0.0978,0.800,-0.021
31.400,outbound,-74.950,0.237,0.094,0.0967,0.800,0.000
31.500,outbound,-74.867,0.244,0.092,0.0954,0.758,-0.021
31.600,outbound,-74.790,0.252,0.094,0.0963,0.758,-0.021
31.700,outbound,-74.709,0.259,0.093,0.1005,0.800,0.063
31.800,outbound,-74.627,0.265,0.091,0.1012,0.800,0.063
31.900,outbound,-74.547,0.273,0.092,0.1025,0.800,0.021
32.000,outbound,-74.465,0.283,0.092,0.1068,0.758,0.021
32.100,outbound,-74.385,0.294,0.092,0.1054,0.758,0.021
32.200,outbound,-74.302,0.303,0.090,0.1087,0.800,0.000
32.300,outbound,-74.222,0.313,0.091,0.1111,0.800,-0.021
32.400,outbound,-74.142,0.322,0.090,0.1096,0.800,-0.021
32.500,outbound,-74.061,0.332,0.091,0.1101,0.758,-0.021
32.600,outbound,-73.979,0.342,0.090,0.1095,0.758,-0.063
32.700,outbound,-73.898,0.352,0.089,0.1111,0.800,0.063
32.800,outbound,-73.815,0.361,0.089,0.1160,0.800,0.063
32.900,outbound,-73.734,0.370,0.088,0.1156,0.800,0.021
33.000,outbound,-73.654,0.381,0.088,0.1206,0.758,0.000
33.100,outbound,-73.577,0.390,0.088,0.1213,0.758,0.000
33.200,outbound,-73.497,0.402,0.088,0.1222,0.758,-0.021
33.300,outbound,-73.418,0.411,0.087,0.1233,0.800,-0.021
33.400,outbound,-73.339,0.421,0.086,0.1228,0.800,-0.021
33.500,outbound,-73.258,0.433,0.086,0.1214,0.758,-0.063
33.600,outbound,-73.176,0.446,0.087,0.1294,0.758,0.021
33.700,outbound,-73.095,0.457,0.086,0.1296,0.800,0.021
33.800,outbound,-73.014,0.468,0.085,0.1287,0.800,0.000
33.900,outbound,-72.934,0.479,0.085,0.1332,0.800,0.000
34.000,outbound,-72.852,0.487,0.085,0.1330,0.758,-0.021
34.100,outbound,-72.774,0.498,0.085,0.1306,0.758,-0.021
34.200,outbound,-72.692,0.508,0.084,0.1301,0.758,-0.021
34.300,outbound,-72.614,0.519,0.084,0.1333,0.800,-0.063
34.400,outbound,-72.535,0.529,0.084,0.1309,0.800,0.063
34.500,outbound,-72.453,0.540,0.082,0.1307,0.758,0.021
34.600,outbound,-72.372,0.550,0.083,0.1327,0.758,0.021
34.700,outbound,-72.290,0.563,0.082,0.1367,0.758,0.021
34.800,outbound,-72.213,0.575,0.084,0.1299,0.800,0.000
34.900,outbound,-72.134,0.587,0.083,0.1341,0.800,-0.021
35.000,outbound,-72.056,0.598,0.084,0.1351,0.758,-0.021
35.100,outbound,-71.978,0.607,0.087,0.1365,0.758,-0.021
35.200,outbound,-71.898,0.619,0.087,0.1337,0.758,-0.063
35.300,outbound,-71.820,0.629,0.088,0.1344,0.800,0.063
35.400,outbound,-71.742,0.639,0.088,0.1330,0.758,0.063
35.500,outbound,-71.664,0.651,0.090,0.1333,0.758,0.021
35.600,outbound,-71.584,0.662,0.092,0.1269,0.758,0.021
35.700,outbound,-71.506,0.674,0.095,0.1247,0.800,0.000
35.800,outbound,-71.427,0.686,0.096,0.1248,0.800,0.000
35.900,outbound,-71.348,0.697,0.098,0.1287,0.800,-0.021
36.000,outbound,-71.270,0.706,0.099,0.1348,0.758,-0.021
36.100,outbound,-71.194,0.718,0.100,0.1326,0.758,-0.021
36.200,outbound,-71.119,0.731,0.098,0.1312,0.800,0.021
36.300,outbound,-71.043,0.745,0.099,0.1293,0.758,0.063
36.400,outbound,-70.966,0.756,0.101,0.1318,0.758,0.021
36.500,outbound,-70.885,0.766,0.099,0.1329,0.758,0.021
36.600,outbound,-70.808,0.781,0.100,0.1344,0.800,-0.021
36.700,outbound,-70.728,0.790,0.099,0.1378,0.800,-0.021
36.800,outbound,-70.648,0.803,0.099,0.1346,0.758,-0.021
36.900,outbound,-70.570,0.813,0.099,0.1328,0.758,-0.021
37.000,outbound,-70.489,0.822,0.100,0.1344,0.800,0.063
37.100,outbound,-70.407,0.832,0.099,0.1367,0.800,0.021
37.200,outbound,-70.324,0.845,0.098,0.1395,0.800,0.021
37.300,outbound,-70.244,0.858,0.099,0.1429,0.758,0.021
37.400,outbound,-70.166,0.869,0.101,0.1459,0.758,0.000
37.500,outbound,-70.087,0.880,0.102,0.1462,0.758,-0.021
37.600,outbound,-70.008,0.893,0.101,0.1473,0.800,-0.021
37.700,outbound,-69.931,0.902,0.102,0.1503,0.800,0.063
37.800,outbound,-69.851,0.916,0.104,0.1517,0.758,0.021
37.900,outbound,-69.773,0.928,0.105,0.1522,0.758,0.063
38.000,outbound,-69.697,0.940,0.104,0.1493,0.800,0.021
38.100,outbound,-69.617,0.950,0.106,0.1516,0.800,0.000
38.200,outbound,-69.535,0.962,0.109,0.1520,0.800,-0.021
38.300,outbound,-69.454,0.973,0.110,0.1504,0.758,-0.021
38.400,outbound,-69.376,0.983,0.112,0.1476,0.758,-0.021
38.500,outbound,-69.299,0.993,0.112,0.1469,0.800,-0.021
38.600,outbound,-69.223,1.006,0.115,0.1451,0.800,-0.063
38.700,outbound,-69.145,1.018,0.116,0.1469,0.758,0.021
38.800,outbound,-69.066,1.028,0.118,0.1486,0.758,0.063
38.900,outbound,-68.990,1.038,0.117,0.1510,0.758,0.021
39.000,outbound,-68.913,1.049,0.118,0.1517,0.800,0.000
39.100,outbound,-68.838,1.061,0.122,0.1502,0.800,-0.021
39.200,outbound,-68.760,1.071,0.121,0.1472,0.758,-0.021
39.300,outbound,-68.684,1.082,0.122,0.1440,0.758,-0.021
39.400,outbound,-68.607,1.094,0.122,0.1467,0.800,-0.021
39.500,outbound,-68.531,1.104,0.121,0.1470,0.800,-0.063
39.600,outbound,-68.449,1.114,0.121,0.1465,0.800,0.021
39.700,outbound,-68.367,1.125,0.123,0.1457,0.758,0.063
39.800,outbound,-68.288,1.134,0.123,0.1441,0.800,0.021
39.900,outbound,-68.206,1.145,0.122,0.1449,0.800,0.021
40.000,outbound,-68.126,1.156,0.121,0.1445,0.800,0.000
40.100,outbound,-68.046,1.166,0.124,0.1436,0.800,-0.021
40.200,outbound,-67.969,1.178,0.122,0.1426,0.758,-0.021
40.300,outbound,-67.889,1.187,0.123,0.1395,0.758,-0.021
40.400,outbound,-67.809,1.199,0.122,0.1389,0.800,-0.021
40.500,outbound,-67.728,1.211,0.120,0.1382,0.800,-0.063
40.600,outbound,-67.647,1.223,0.120,0.1352,0.758,0.063
40.700,outbound,-67.564,1.232,0.120,0.1350,0.758,0.021
40.800,outbound,-67.484,1.240,0.118,0.1320,0.758,0.063
40.900,outbound,-67.404,1.250,0.118,0.1319,0.800,0.021
41.000,outbound,-67.323,1.260,0.116,0.1323,0.800,0.021
41.100,outbound,-67.241,1.270,0.114,0.1351,0.800,0.000
41.200,outbound,-67.161,1.280,0.113,0.1383,0.758,0.000
41.300,outbound,-67.080,1.291,0.115,0.1344,0.758,-0.021
41.400,outbound,-66.998,1.302,0.114,0.1368,0.800,-0.021
41.500,outbound,-66.919,1.314,0.113,0.1369,0.800,-0.063
41.600,outbound,-66.840,1.325,0.111,0.1379,0.800,-0.063
41.700,outbound,-66.763,1.338,0.112,0.1368,0.758,-0.063
41.800,outbound,-66.684,1.350,0.113,0.1365,0.758,-0.105
41.900,outbound,-66.604,1.361,0.111,0.1382,0.800,-0.105
42.000,outbound,-66.523,1.372,0.112,0.1340,0.800,-0.105
42.100,outbound,-66.442,1.382,0.111,0.1343,0.800,-0.021
42.200,outbound,-66.363,1.388,0.110,0.1285,0.758,-0.105
42.300,outbound,-66.283,1.399,0.109,0.1313,0.758,-0.147
42.400,outbound,-66.204,1.404,0.108,0.1306,0.800,-0.147
42.500,outbound,-66.123,1.415,0.108,0.1273,0.800,-0.021
42.600,outbound,-66.041,1.425,0.107,0.1290,0.800,-0.147
42.700,outbound,-65.961,1.437,0.107,0.1247,0.758,-0.147
42.800,outbound,-65.882,1.444,0.104,0.1144,0.758,-0.147
42.900,outbound,-65.801,1.453,0.103,0.1100,0.758,-0.063
43.000,outbound,-65.720,1.461,0.102,0.1093,0.800,-0.147
43.100,outbound,-65.640,1.470,0.100,0.1046,0.800,-0.189
43.200,outbound,-65.559,1.478,0.098,0.0994,0.758,-0.063
43.300,outbound,-65.479,1.485,0.096,0.0964,0.758,-0.063
43.400,outbound,-65.398,1.493,0.095,0.0932,0.758,-0.063
43.500,outbound,-65.319,1.502,0.093,0.0916,0.800,-0.189
43.600,outbound,-65.238,1.507,0.089,0.0861,0.800,-0.189
43.700,outbound,-65.157,1.513,0.088,0.0807,0.758,-0.189
43.800,outbound,-65.077,1.520,0.087,0.0763,0.758,-0.189
43.900,outbound,-64.994,1.525,0.085,0.0719,0.758,-0.105
44.000,outbound,-64.912,1.530,0.083,0.0674,0.800,-0.105
44.100,outbound,-64.830,1.538,0.080,0.0640,0.800,-0.105
44.200,outbound,-64.750,1.542,0.080,0.0679,0.800,-0.105
44.300,outbound,-64.668,1.547,0.080,0.0663,0.758,-0.105
44.400,outbound,-64.586,1.553,0.080,0.0631,0.758,-0.105
44.500,outbound,-64.504,1.559,0.078,0.0642,0.800,-0.105
44.600,outbound,-64.422,1.564,0.077,0.0626,0.800,-0.105
44.700,outbound,-64.344,1.570,0.077,0.0565,0.758,-0.274
44.800,outbound,-64.263,1.573,0.073,0.0504,0.758,-0.274
44.900,outbound,-64.181,1.578,0.073,0.0473,0.800,-0.274
45.000,outbound,-64.099,1.582,0.071,0.0426,0.800,-0.274
45.100,outbound,-64.016,1.582,0.071,0.0383,0.800,-0.316
45.200,outbound,-63.934,1.584,0.071,0.0354,0.800,-0.232
45.300,outbound,-63.853,1.583,0.069,0.0280,0.758,-0.358
45.400,outbound,-63.771,1.584,0.067,0.0152,0.800,-0.400
45.500,outbound,-63.689,1.586,0.066,0.0053,0.800,-0.358
45.600,outbound,-63.606,1.586,0.066,-0.0010,0.800,-0.316
45.700,outbound,-63.522,1.586,0.063,-0.0113,0.800,-0.232
45.800,outbound,-63.438,1.582,0.063,-0.0210,0.758,-0.358
45.900,outbound,-63.358,1.580,0.062,-0.0330,0.800,-0.358
46.000,outbound,-63.277,1.575,0.062,-0.0401,0.800,-0.358
46.100,outbound,-63.197,1.571,0.061,-0.0505,0.800,-0.316
46.200,outbound,-63.115,1.566,0.060,-0.0649,0.758,-0.316
46.300,outbound,-63.033,1.560,0.059,-0.0764,0.800,-0.400
46.400,outbound,-62.954,1.554,0.058,-0.0875,0.800,-0.358
46.500,outbound,-62.871,1.547,0.059,-0.0969,0.800,-0.358
46.600,outbound,-62.790,1.539,0.058,-0.1044,0.758,-0.400
46.700,outbound,-62.711,1.532,0.058,-0.1104,0.800,0.000
46.800,outbound,-62.630,1.524,0.057,-0.1099,0.800,0.021
46.900,outbound,-62.551,1.513,0.058,-0.1070,0.800,0.021
47.000,outbound,-62.470,1.506,0.058,-0.1033,0.758,0.021
47.100,outbound,-62.388,1.495,0.056,-0.1016,0.758,0.021
47.200,outbound,-62.308,1.488,0.056,-0.1002,0.800,-0.063
47.300,outbound,-62.227,1.480,0.055,-0.1043,0.800,-0.063
47.400,outbound,-62.147,1.472,0.058,-0.1082,0.800,0.000
47.500,outbound,-62.069,1.462,0.058,-0.1051,0.758,-0.021
47.600,outbound,-61.990,1.453,0.058,-0.1129,0.758,-0.021
47.700,outbound,-61.911,1.443,0.059,-0.1117,0.800,0.000
47.800,outbound,-61.831,1.435,0.060,-0.1108,0.800,0.000
47.900,outbound,-61.751,1.428,0.061,-0.1110,0.800,0.063
48.000,outbound,-61.670,1.420,0.060,-0.1069,0.758,0.021
48.100,outbound,-61.589,1.411,0.063,-0.1100,0.758,0.021
48.200,outbound,-61.508,1.401,0.064,-0.1113,0.800,0.021
48.300,outbound,-61.428,1.393,0.066,-0.1063,0.800,-0.063
48.400,outbound,-61.348,1.384,0.068,-0.1095,0.800,0.000
48.500,outbound,-61.267,1.375,0.068,-0.1135,0.758,-0.021
48.600,outbound,-61.185,1.367,0.070,-0.1114,0.758,-0.021
48.700,outbound,-61.105,1.357,0.071,-0.1174,0.800,-0.021
48.800,outbound,-61.027,1.348,0.073,-0.1216,0.800,0.000
48.900,outbound,-60.947,1.339,0.073,-0.1194,0.800,0.021
49.000,outbound,-60.869,1.329,0.076,-0.1223,0.758,0.021
49.100,outbound,-60.790,1.319,0.076,-0.1230,0.758,0.021
49.200,outbound,-60.712,1.311,0.077,-0.1235,0.800,-0.063
49.300,outbound,-60.633,1.302,0.077,-0.1224,0.800,-0.021
49.400,outbound,-60.554,1.292,0.079,-0.1239,0.758,-0.063
49.500,outbound,-60.475,1.281,0.082,-0.1248,0.758,-0.021
49.600,outbound,-60.395,1.271,0.081,-0.1201,0.758,0.000
49.700,outbound,-60.315,1.262,0.083,-0.1202,0.800,-0.021
49.800,outbound,-60.235,1.251,0.084,-0.1228,0.800,0.000
49.900,outbound,-60.157,1.241,0.086,-0.1238,0.758,0.000
50.000,outbound,-60.080,1.231,0.090,-0.1260,0.758,0.021
50.100,outbound,-60.002,1.221,0.092,-0.1257,0.800,0.021
50.200,outbound,-59.922,1.209,0.094,-0.1262,0.800,-0.063
50.300,outbound,-59.845,1.199,0.095,-0.1297,0.800,0.000
50.400,outbound,-59.766,1.189,0.098,-0.1290,0.758,-0.021
50.500,outbound,-59.686,1.178,0.103,-0.1271,0.758,-0.021
50.600,outbound,-59.606,1.168,0.107,-0.1269,0.800,0.000
50.700,outbound,-59.527,1.158,0.109,-0.1252,0.800,0.000
50.800,outbound,-59.450,1.147,0.114,-0.1259,0.800,0.021
50.900,outbound,-59.370,1.137,0.117,-0.1270,0.758,0.021
51.000,outbound,-59.290,1.125,0.121,-0.1277,0.758,0.021
51.100,outbound,-59.212,1.114,0.125,-0.1265,0.800,-0.063
51.200,outbound,-59.135,1.103,0.129,-0.1307,0.800,-0.021
51.300,outbound,-59.057,1.092,0.133,-0.1318,0.758,-0.021
51.400,outbound,-58.980,1.080,0.134,-0.1393,0.758,-0.021
51.500,outbound,-58.901,1.069,0.139,-0.1421,0.758,0.063
51.600,outbound,-58.822,1.057,0.138,-0.1391,0.800,0.021
51.700,outbound,-58.740,1.041,0.139,-0.1396,0.800,0.021
51.800,outbound,-58.658,1.029,0.139,-0.1423,0.758,0.021
51.900,outbound,-58.582,1.017,0.140,-0.1481,0.758,-0.021
52.000,outbound,-58.502,1.003,0.140,-0.1480,0.800,-0.021
52.100,outbound,-58.420,0.991,0.140,-0.1496,0.800,-0.021
52.200,outbound,-58.340,0.976,0.141,-0.1503,0.800,0.000
52.300,outbound,-58.260,0.964,0.140,-0.1482,0.758,0.021
52.400,outbound,-58.183,0.951,0.143,-0.1476,0.758,0.021
52.500,outbound,-58.105,0.942,0.143,-0.1479,0.800,0.021
52.600,outbound,-58.026,0.929,0.144,-0.1475,0.800,-0.021
52.700,outbound,-57.948,0.917,0.145,-0.1484,0.758,-0.021
52.800,outbound,-57.871,0.906,0.146,-0.1547,0.758,-0.021
52.900,outbound,-57.794,0.892,0.147,-0.1581,0.758,0.021
53.000,outbound,-57.715,0.879,0.147,-0.1628,0.800,0.021
53.100,outbound,-57.636,0.865,0.150,-0.1628,0.800,0.021
53.200,outbound,-57.556,0.852,0.152,-0.1629,0.758,0.021
53.300,outbound,-57.478,0.837,0.153,-0.1561,0.758,-0.063
53.400,outbound,-57.401,0.824,0.155,-0.1591,0.800,-0.021
53.500,outbound,-57.322,0.813,0.158,-0.1617,0.800,-0.021
53.600,outbound,-57.246,0.800,0.160,-0.1656,0.800,0.063
53.700,outbound,-57.170,0.785,0.158,-0.1758,0.758,0.021
53.800,outbound,-57.091,0.774,0.159,-0.1838,0.758,0.063
53.900,outbound,-57.014,0.760,0.160,-0.1837,0.800,-0.021
54.000,outbound,-56.935,0.746,0.159,-0.1843,0.800,0.000
54.100,outbound,-56.857,0.729,0.156,-0.1848,0.758,-0.021
54.200,outbound,-56.776,0.714,0.156,-0.1885,0.758,-0.063
54.300,outbound,-56.696,0.695,0.156,-0.1932,0.800,-0.063
54.400,outbound,-56.617,0.678,0.156,-0.1904,0.800,-0.021
54.500,outbound,-56.537,0.661,0.155,-0.1934,0.800,0.021
54.600,outbound,-56.455,0.644,0.154,-0.1975,0.758,-0.021
54.700,outbound,-56.373,0.628,0.152,-0.1961,0.800,-0.105
54.800,outbound,-56.293,0.611,0.154,-0.1988,0.800,-0.063
54.900,outbound,-56.215,0.593,0.152,-0.2022,0.800,-0.063
55.000,outbound,-56.134,0.576,0.150,-0.2008,0.800,0.021
55.100,outbound,-56.053,0.559,0.148,-0.2009,0.758,-0.147
55.200,outbound,-55.971,0.542,0.148,-0.2018,0.800,-0.105
55.300,outbound,-55.892,0.526,0.150,-0.2028,0.800,-0.063
55.400,outbound,-55.813,0.509,0.150,-0.2012,0.800,-0.063
55.500,outbound,-55.734,0.494,0.150,-0.2065,0.800,0.021
55.600,outbound,-55.655,0.477,0.150,-0.2004,0.758,-0.105
55.700,outbound,-55.576,0.461,0.148,-0.1986,0.800,-0.105
55.800,outbound,-55.501,0.443,0.151,-0.1901,0.800,-0.147
55.900,outbound,-55.426,0.426,0.150,-0.1937,0.758,-0.105
56.000,outbound,-55.349,0.410,0.152,-0.1940,0.758,-0.063
56.100,outbound,-55.271,0.396,0.150,-0.1959,0.800,-0.147
56.200,outbound,-55.196,0.377,0.151,-0.1933,0.800,-0.147
56.300,outbound,-55.118,0.363,0.153,-0.1945,0.758,-0.147
56.400,outbound,-55.042,0.347,0.153,-0.1970,0.758,-0.147
56.500,outbound,-54.964,0.332,0.155,-0.2017,0.800,-0.189
56.600,outbound,-54.886,0.316,0.157,-0.2051,0.800,-0.147
56.700,outbound,-54.807,0.298,0.160,-0.2115,0.800,-0.105
56.800,outbound,-54.728,0.281,0.162,-0.2159,0.800,-0.189
56.900,outbound,-54.648,0.264,0.164,-0.2170,0.800,-0.147
57.000,outbound,-54.569,0.247,0.166,-0.2198,0.758,-0.316
57.100,outbound,-54.490,0.227,0.168,-0.2267,0.758,-0.232
57.200,outbound,-54.412,0.208,0.169,-0.2324,0.758,-0.189
57.300,outbound,-54.335,0.189,0.172,-0.2359,0.800,-0.232
57.400,outbound,-54.258,0.169,0.174,-0.2429,0.800,-0.358
57.500,outbound,-54.179,0.149,0.174,-0.2527,0.800,-0.316
57.600,outbound,-54.100,0.127,0.176,-0.2614,0.800,-0.274
57.700,outbound,-54.023,0.105,0.178,-0.2708,0.800,-0.274
57.800,outbound,-53.947,0.082,0.179,-0.2788,0.716,-0.400
57.900,outbound,-53.875,0.057,0.179,-0.2900,0.800,-0.400
58.000,outbound,-53.799,0.035,0.182,-0.3018,0.758,-0.400
58.100,outbound,-53.724,0.009,0.182,-0.3078,0.716,-0.400
58.200,outbound,-53.651,-0.016,0.181,-0.3173,0.800,-0.400
58.300,outbound,-53.576,-0.042,0.182,-0.3280,0.758,-0.400
58.400,outbound,-53.503,-0.070,0.182,-0.3344,0.716,-0.400
58.500,outbound,-53.429,-0.096,0.183,-0.3486,0.800,-0.400
58.600,outbound,-53.353,-0.125,0.181,-0.3655,0.758,-0.400
58.700,outbound,-53.281,-0.152,0.184,-0.3706,0.800,-0.400
58.800,outbound,-53.209,-0.182,0.182,-0.3802,0.800,-0.400
58.900,outbound,-53.135,-0.212,0.185,-0.3869,0.758,-0.400
59.000,outbound,-53.066,-0.241,0.183,-0.3959,0.800,-0.400
59.100,outbound,-52.995,-0.273,0.183,-0.4013,0.800,-0.400
59.200,outbound,-52.923,-0.307,0.183,-0.4130,0.716,-0.400
59.300,outbound,-52.854,-0.339,0.184,-0.4294,0.800,-0.400
59.400,outbound,-52.782,-0.375,0.182,-0.4377,0.758,-0.400
59.500,outbound,-52.710,-0.410,0.184,-0.4507,0.800,-0.400
59.600,outbound,-52.638,-0.448,0.184,-0.4585,0.800,-0.400
59.700,outbound,-52.568,-0.487,0.183,-0.4688,0.800,-0.400
59.800,outbound,-52.497,-0.525,0.183,-0.4808,0.758,-0.400
59.900,outbound,-52.425,-0.562,0.181,-0.4966,0.800,-0.400
60.000,outbound,-52.354,-0.601,0.181,-0.5058,0.758,-0.400
60.100,outbound,-52.284,-0.641,0.181,-0.5196,0.800,-0.400
60.200,outbound,-52.213,-0.683,0.178,-0.5351,0.800,0.021
60.300,outbound,-52.144,-0.726,0.180,-0.5340,0.632,0.063
60.400,outbound,-52.080,-0.766,0.177,-0.5356,0.800,0.232
60.500,outbound,-52.011,-0.807,0.176,-0.5273,0.632,-0.021
60.600,outbound,-51.943,-0.845,0.176,-0.5191,0.800,-0.400
60.700,outbound,-51.874,-0.886,0.173,-0.5246,0.800,-0.316
60.800,outbound,-51.805,-0.931,0.172,-0.5405,0.800,-0.274
60.900,outbound,-51.736,-0.973,0.170,-0.5420,0.800,-0.316
61.000,outbound,-51.668,-1.018,0.168,-0.5507,0.800,-0.316
61.100,outbound,-51.597,-1.061,0.166,-0.5561,0.800,-0.316
61.200,outbound,-51.527,-1.105,0.165,-0.5655,0.800,-0.274
61.300,outbound,-51.458,-1.151,0.163,-0.5732,0.800,-0.316
61.400,outbound,-51.388,-1.196,0.161,-0.5817,0.800,-0.232
61.500,outbound,-51.319,-1.244,0.160,-0.5953,0.758,-0.274
61.600,outbound,-51.253,-1.290,0.160,-0.6028,0.800,-0.274
61.700,outbound,-51.187,-1.337,0.157,-0.6125,0.800,-0.274
61.800,outbound,-51.120,-1.384,0.156,-0.6185,0.800,-0.232
61.900,outbound,-51.055,-1.431,0.156,-0.6230,0.758,-0.358
62.000,outbound,-50.992,-1.479,0.155,-0.6321,0.716,-0.400
62.100,outbound,-50.930,-1.524,0.153,-0.6420,0.800,-0.274
62.200,outbound,-50.866,-1.573,0.153,-0.6446,0.800,0.105
62.300,outbound,-50.799,-1.624,0.152,-0.6416,0.758,0.000
62.400,outbound,-50.733,-1.673,0.152,-0.6378,0.800,0.232
62.500,outbound,-50.668,-1.724,0.151,-0.6371,0.758,-0.063
62.600,outbound,-50.605,-1.773,0.150,-0.6405,0.800,0.147
62.700,outbound,-50.538,-1.823,0.149,-0.6409,0.800,0.232
62.800,outbound,-50.472,-1.873,0.148,-0.6376,0.800,0.105
62.900,outbound,-50.407,-1.922,0.148,-0.6368,0.800,0.147
63.000,outbound,-50.343,-1.971,0.147,-0.6381,0.800,0.105
63.100,outbound,-50.279,-2.018,0.147,-0.6266,0.800,0.063
63.200,outbound,-50.212,-2.066,0.146,-0.6219,0.758,0.063
63.300,outbound,-50.148,-2.111,0.147,-0.6199,0.800,0.021
63.400,outbound,-50.081,-2.161,0.145,-0.6184,0.800,0.063
63.500,outbound,-50.018,-2.207,0.146,-0.6214,0.758,0.063
63.600,outbound,-49.954,-2.254,0.145,-0.6235,0.800,0.063
63.700,outbound,-49.889,-2.298,0.144,-0.6264,0.758,0.000
63.800,outbound,-49.825,-2.343,0.146,-0.6263,0.800,0.021
63.900,outbound,-49.760,-2.391,0.146,-0.6238,0.800,0.063
64.000,outbound,-49.694,-2.439,0.147,-0.6214,0.800,0.105
64.100,outbound,-49.630,-2.485,0.149,-0.6225,0.800,0.021
64.200,outbound,-49.563,-2.535,0.147,-0.6223,0.800,0.105
64.300,outbound,-49.497,-2.582,0.148,-0.6214,0.758,0.000
64.400,outbound,-49.430,-2.629,0.148,-0.6202,0.800,0.021
64.500,outbound,-49.365,-2.678,0.151,-0.6212,0.758,-0.021
64.600,outbound,-49.301,-2.726,0.152,-0.6209,0.800,0.000
64.700,outbound,-49.237,-2.773,0.151,-0.6198,0.800,0.000
64.800,outbound,-49.173,-2.818,0.152,-0.6232,0.758,-0.021
64.900,outbound,-49.107,-2.865,0.151,-0.6259,0.800,-0.021
65.000,outbound,-49.041,-2.915,0.151,-0.6308,0.800,0.021
65.100,outbound,-48.973,-2.963,0.152,-0.6309,0.800,-0.063
65.200,outbound,-48.907,-3.013,0.151,-0.6349,0.758,-0.105
65.300,outbound,-48.843,-3.061,0.151,-0.6388,0.758,-0.063
65.400,outbound,-48.779,-3.107,0.149,-0.6432,0.800,-0.063
65.500,outbound,-48.716,-3.156,0.149,-0.6449,0.800,-0.021
65.600,outbound,-48.654,-3.209,0.150,-0.6462,0.800,-0.063
65.700,outbound,-48.590,-3.259,0.147,-0.6478,0.800,-0.021
65.800,outbound,-48.528,-3.310,0.145,-0.6479,0.758,-0.063
65.900,outbound,-48.464,-3.359,0.143,-0.6433,0.800,-0.021
66.000,outbound,-48.398,-3.410,0.143,-0.6454,0.758,-0.105
66.100,outbound,-48.334,-3.462,0.140,-0.6476,0.758,-0.063
66.200,outbound,-48.270,-3.511,0.141,-0.6499,0.800,-0.063
66.300,outbound,-48.205,-3.562,0.139,-0.6533,0.758,-0.358
66.400,outbound,-48.141,-3.612,0.140,-0.6666,0.800,-0.316
66.500,outbound,-48.079,-3.667,0.137,-0.6753,0.800,-0.400
66.600,outbound,-48.018,-3.721,0.137,-0.6785,0.800,-0.232
66.700,outbound,-47.956,-3.775,0.137,-0.6844,0.800,-0.316
66.800,outbound,-47.895,-3.825,0.134,-0.6915,0.758,-0.358
66.900,outbound,-47.835,-3.879,0.133,-0.7050,0.800,-0.274
67.000,outbound,-47.772,-3.931,0.134,-0.7064,0.800,-0.358
67.100,outbound,-47.712,-3.986,0.135,-0.7093,0.800,-0.232
67.200,outbound,-47.654,-4.042,0.133,-0.7097,0.800,-0.358
67.300,outbound,-47.591,-4.094,0.132,-0.7158,0.800,-0.232
67.400,outbound,-47.528,-4.146,0.129,-0.7206,0.800,-0.316
67.500,outbound,-47.468,-4.202,0.130,-0.7214,0.758,-0.358
67.600,outbound,-47.408,-4.257,0.129,-0.7373,0.800,-0.316
67.700,outbound,-47.346,-4.312,0.129,-0.7332,0.758,-0.358
67.800,outbound,-47.288,-4.367,0.128,-0.7378,0.800,-0.274
67.900,outbound,-47.229,-4.422,0.126,-0.7432,0.800,-0.358
68.000,outbound,-47.168,-4.478,0.125,-0.7549,0.758,-0.316
68.100,outbound,-47.110,-4.533,0.126,-0.7657,0.800,-0.358
68.200,outbound,-47.052,-4.589,0.126,-0.7740,0.758,-0.316
68.300,outbound,-46.997,-4.648,0.126,-0.7869,0.800,-0.274
68.400,outbound,-46.943,-4.707,0.125,-0.7986,0.758,-0.274
68.500,outbound,-46.886,-4.765,0.123,-0.8080,0.758,-0.316
68.600,outbound,-46.832,-4.823,0.123,-0.8158,0.800,-0.316
68.700,outbound,-46.778,-4.883,0.123,-0.8239,0.800,-0.358
68.800,outbound,-46.724,-4.944,0.122,-0.8304,0.758,-0.358
68.900,outbound,-46.671,-5.004,0.122,-0.8425,0.800,-0.358
69.000,outbound,-46.616,-5.067,0.121,-0.8513,0.800,-0.400
69.100,outbound,-46.565,-5.130,0.119,-0.8607,0.758,-0.316
69.200,outbound,-46.515,-5.191,0.118,-0.8726,0.800,-0.274
69.300,outbound,-46.463,-5.255,0.116,-0.8830,0.800,-0.400
69.400,outbound,-46.411,-5.320,0.114,-0.8938,0.758,-0.316
69.500,outbound,-46.363,-5.383,0.115,-0.9050,0.800,-0.274
69.600,outbound,-46.313,-5.447,0.112,-0.9168,0.800,-0.316
69.700,outbound,-46.265,-5.512,0.111,-0.9220,0.758,-0.358
69.800,outbound,-46.218,-5.578,0.111,-0.9316,0.800,-0.316
69.900,outbound,-46.172,-5.644,0.110,-0.9404,0.800,-0.316
70.000,outbound,-46.126,-5.709,0.109,-0.9437,0.800,-0.274
70.100,outbound,-46.079,-5.771,0.109,-0.9507,0.800,-0.316
70.200,outbound,-46.033,-5.835,0.108,-0.9548,0.800,-0.274
70.300,outbound,-45.986,-5.901,0.109,-0.9554,0.800,-0.316
70.400,outbound,-45.941,-5.968,0.110,-0.9562,0.800,-0.232
70.500,outbound,-45.898,-6.034,0.106,-0.9722,0.800,-0.274
70.600,outbound,-45.849,-6.098,0.109,-0.9753,0.800,-0.105
70.700,outbound,-45.802,-6.166,0.110,-0.9780,0.800,-0.232
70.800,outbound,-45.758,-6.232,0.109,-0.9819,0.800,-0.274
70.900,outbound,-45.714,-6.298,0.109,-0.9856,0.758,-0.232
71.000,outbound,-45.671,-6.365,0.109,-0.9910,0.800,-0.274
71.100,outbound,-45.630,-6.434,0.110,-1.0007,0.800,-0.316
71.200,outbound,-45.586,-6.501,0.111,-1.0007,0.800,-0.147
71.300,outbound,-45.542,-6.568,0.114,-1.0068,0.800,-0.105
71.400,outbound,-45.499,-6.636,0.114,-1.0108,0.800,-0.189
71.500,outbound,-45.457,-6.704,0.115,-1.0106,0.758,0.063
71.600,outbound,-45.415,-6.770,0.116,-1.0039,0.758,0.021
71.700,outbound,-45.376,-6.836,0.117,-1.0034,0.800,0.105
71.800,outbound,-45.334,-6.901,0.116,-1.0028,0.758,0.000
71.900,outbound,-45.293,-6.969,0.118,-1.0020,0.758,-0.063
72.000,outbound,-45.248,-7.037,0.120,-0.9970,0.758,0.063
72.100,outbound,-45.205,-7.102,0.121,-0.9940,0.674,0.063
72.200,outbound,-45.163,-7.166,0.121,-0.9911,0.758,0.189
72.300,outbound,-45.119,-7.232,0.121,-0.9799,0.042,0.274
72.400,outbound,-45.090,-7.276,0.122,-0.9746,0.042,-0.021
72.500,outbound,-45.083,-7.286,0.123,-0.9765,0.042,0.189
72.600,outbound,-45.081,-7.290,0.123,-0.9762,0.042,0.189
72.700,outbound,-45.078,-7.294,0.123,-0.9759,0.042,0.232
72.800,outbound,-45.074,-7.299,0.123,-0.9745,0.042,0.274
72.900,outbound,-45.072,-7.303,0.123,-0.9722,0.000,-0.274
73.000,outbound,-45.071,-7.304,0.123,-0.9746,0.000,-0.189
73.100,outbound,-45.071,-7.304,0.123,-0.9746,0.000,-0.189
73.200,outbound,-45.071,-7.303,0.123,-0.9747,0.000,-0.189
73.300,outbound,-45.071,-7.303,0.123,-0.9748,0.000,-0.189
73.400,outbound,-45.072,-7.303,0.123,-0.9763,0.000,-0.232
73.500,outbound,-45.072,-7.302,0.123,-0.9787,0.000,-0.232
73.600,outbound,-45.073,-7.302,0.123,-0.9816,0.000,-0.232
73.700,outbound,-45.073,-7.301,0.123,-0.9845,0.000,-0.232
73.800,outbound,-45.074,-7.301,0.123,-0.9885,0.000,-0.274
73.900,outbound,-45.074,-7.300,0.123,-0.9933,0.000,-0.274
74.000,outbound,-45.075,-7.299,0.123,-0.9967,0.042,-0.400
74.100,outbound,-45.074,-7.300,0.122,-1.0028,0.042,-0.400
74.200,outbound,-45.072,-7.301,0.122,-1.0093,0.000,-0.316
74.300,outbound,-45.072,-7.301,0.122,-1.0149,0.000,-0.232
74.400,outbound,-45.072,-7.300,0.122,-1.0152,0.000,-0.274
74.500,outbound,-45.073,-7.299,0.122,-1.0161,0.042,-0.400
74.600,outbound,-45.073,-7.301,0.122,-1.0232,0.042,-0.400
74.700,outbound,-45.073,-7.303,0.123,-1.0308,0.000,-0.189
74.800,outbound,-45.074,-7.302,0.123,-1.0319,0.000,-0.189
74.900,outbound,-45.074,-7.301,0.123,-1.0333,0.000,-0.232
75.000,outbound,-45.075,-7.300,0.123,-1.0358,0.000,-0.232
75.100,outbound,-45.075,-7.300,0.123,-1.0388,0.042,-0.400
75.200,outbound,-45.076,-7.302,0.122,-1.0452,0.000,-0.232
75.300,outbound,-45.077,-7.301,0.123,-1.0455,0.000,-0.189
75.400,outbound,-45.077,-7.300,0.123,-1.0459,0.000,-0.274
75.500,outbound,-45.078,-7.299,0.123,-1.0492,0.042,-0.400
75.600,outbound,-45.079,-7.301,0.123,-1.0553,0.042,-0.400
75.700,outbound,-45.079,-7.302,0.122,-1.0584,0.000,-0.189
75.800,outbound,-45.079,-7.301,0.122,-1.0581,0.000,-0.189
75.900,outbound,-45.079,-7.301,0.122,-1.0583,0.000,-0.232
76.000,outbound,-45.080,-7.300,0.122,-1.0585,0.000,-0.274
76.100,outbound,-45.080,-7.299,0.122,-1.0607,0.042,-0.400
76.200,outbound,-45.078,-7.301,0.122,-1.0634,0.000,-0.400
76.300,outbound,-45.077,-7.302,0.122,-1.0638,0.000,-0.189
76.400,outbound,-45.077,-7.302,0.122,-1.0639,0.000,-0.189
76.500,outbound,-45.077,-7.302,0.122,-1.0638,0.000,-0.189
76.600,outbound,-45.077,-7.302,0.122,-1.0638,0.000,-0.189
76.700,outbound,-45.077,-7.302,0.122,-1.0638,0.000,-0.189
76.800,outbound,-45.077,-7.302,0.122,-1.0638,0.000,-0.147
76.900,outbound,-45.077,-7.303,0.122,-1.0637,0.000,-0.147
77.000,outbound,-45.077,-7.303,0.122,-1.0637,0.000,-0.147
77.100,outbound,-45.077,-7.303,0.122,-1.0637,0.000,-0.147
77.200,outbound,-45.077,-7.303,0.122,-1.0637,0.000,-0.147
77.300,outbound,-45.077,-7.304,0.122,-1.0637,0.000,-0.147
77.400,outbound,-45.076,-7.304,0.122,-1.0637,0.000,-0.147
77.500,outbound,-45.076,-7.305,0.122,-1.0636,0.000,-0.105
77.600,outbound,-45.076,-7.305,0.122,-1.0636,0.000,-0.105
77.700,outbound,-45.075,-7.306,0.122,-1.0636,0.000,-0.105
77.800,outbound,-45.075,-7.307,0.122,-1.0635,0.000,-0.063
77.900,outbound,-45.074,-7.309,0.122,-1.0635,0.000,-0.063
78.000,outbound,-45.073,-7.310,0.122,-1.0633,0.000,-0.021
78.100,outbound,-45.072,-7.312,0.121,-1.0634,0.000,0.021
78.200,outbound,-45.072,-7.312,0.121,-1.0637,-0.250,0.000
78.300,outbound,-45.081,-7.294,0.123,-1.0631,-0.250,0.000
78.400,outbound,-45.094,-7.271,0.122,-1.0628,-0.250,0.000
78.500,outbound,-45.108,-7.248,0.122,-1.0630,-0.250,0.000
78.600,outbound,-45.120,-7.224,0.121,-1.0611,-0.250,0.000
78.700,outbound,-45.134,-7.201,0.121,-1.0622,-0.250,0.000
78.800,outbound,-45.146,-7.178,0.122,-1.0604,-0.250,0.000
78.900,outbound,-45.159,-7.155,0.121,-1.0610,-0.250,0.000
79.000,outbound,-45.173,-7.131,0.121,-1.0611,-0.250,0.000
79.100,outbound,-45.186,-7.108,0.120,-1.0598,-0.250,0.000
79.200,outbound,-45.199,-7.084,0.120,-1.0594,-0.250,0.000
79.300,outbound,-45.213,-7.060,0.119,-1.0594,-0.250,0.000
79.400,outbound,-45.224,-7.037,0.119,-1.0591,-0.250,0.000
79.500,outbound,-45.239,-7.013,0.118,-1.0588,-0.250,0.000
79.600,outbound,-45.252,-6.990,0.119,-1.0590,-0.250,0.000
79.700,outbound,-45.265,-6.966,0.118,-1.0603,-0.250,0.000
79.800,outbound,-45.278,-6.943,0.118,-1.0578,-0.250,0.000
79.900,outbound,-45.291,-6.920,0.118,-1.0581,-0.250,0.000
80.000,outbound,-45.305,-6.897,0.118,-1.0583,-0.250,0.000
80.100,outbound,-45.318,-6.873,0.117,-1.0584,-0.250,0.000
80.200,outbound,-45.331,-6.849,0.116,-1.0591,-0.250,0.000
80.300,outbound,-45.345,-6.826,0.116,-1.0592,-0.250,0.000
80.400,outbound,-45.357,-6.803,0.116,-1.0594,-0.250,0.000
80.500,outbound,-45.371,-6.779,0.116,-1.0587,-0.250,0.000
80.600,outbound,-45.385,-6.755,0.114,-1.0579,-0.250,0.000
80.700,outbound,-45.398,-6.731,0.114,-1.0581,-0.250,0.000
80.800,outbound,-45.411,-6.709,0.114,-1.0599,-0.250,0.000
80.900,outbound,-45.424,-6.685,0.114,-1.0592,-0.250,0.000
81.000,outbound,-45.437,-6.662,0.114,-1.0602,-0.250,0.000
81.100,outbound,-45.451,-6.638,0.113,-1.0590,-0.250,0.000
81.200,outbound,-45.463,-6.615,0.113,-1.0612,-0.250,0.000
81.300,outbound,-45.477,-6.591,0.112,-1.0601,-0.250,0.000
81.400,outbound,-45.490,-6.568,0.112,-1.0604,-0.250,0.000
81.500,outbound,-45.503,-6.544,0.111,-1.0599,-0.250,0.000
81.600,outbound,-45.517,-6.522,0.111,-1.0592,-0.250,0.000
81.700,outbound,-45.529,-6.498,0.111,-1.0588,-0.250,0.000
81.800,outbound,-45.543,-6.474,0.109,-1.0598,-0.250,0.000
81.900,outbound,-45.555,-6.452,0.110,-1.0575,-0.250,0.000
82.000,outbound,-45.568,-6.428,0.110,-1.0578,0.000,0.000
82.100,outbound,-45.570,-6.423,0.110,-1.0569,0.000,0.000
82.200,outbound,-45.570,-6.424,0.110,-1.0570,0.000,0.000
82.300,outbound,-45.569,-6.425,0.110,-1.0570,0.000,0.000
82.400,outbound,-45.569,-6.425,0.110,-1.0570,0.000,0.000
82.500,outbound,-45.568,-6.426,0.110,-1.0570,0.000,0.000
82.600,outbound,-45.568,-6.426,0.110,-1.0570,0.000,0.000
82.700,outbound,-45.568,-6.427,0.110,-1.0570,0.000,0.000
82.800,outbound,-45.568,-6.427,0.110,-1.0570,0.000,0.000
82.900,outbound,-45.568,-6.427,0.110,-1.0570,0.000,0.000
83.000,outbound,-45.568,-6.427,0.110,-1.0570,0.000,0.000
83.100,outbound,-45.568,-6.427,0.110,-1.0570,0.000,0.000
83.200,outbound,-45.567,-6.428,0.110,-1.0569,0.716,-0.021
83.300,outbound,-45.552,-6.454,0.111,-1.0564,0.716,-0.021
83.400,outbound,-45.521,-6.509,0.111,-1.0609,0.800,0.189
83.500,outbound,-45.481,-6.574,0.112,-1.0589,0.800,0.147
83.600,outbound,-45.441,-6.646,0.113,-1.0559,0.758,-0.063
83.700,outbound,-45.400,-6.715,0.115,-1.0516,0.800,0.189
83.800,outbound,-45.361,-6.783,0.116,-1.0488,0.716,0.000
83.900,outbound,-45.324,-6.848,0.117,-1.0495,0.800,0.000
84.000,outbound,-45.284,-6.919,0.118,-1.0493,0.042,-0.400
84.100,outbound,-45.258,-6.964,0.119,-1.0613,0.000,0.021
84.200,outbound,-45.252,-6.972,0.118,-1.0685,0.084,-0.105
84.300,outbound,-45.248,-6.979,0.118,-1.0679,0.084,-0.105
84.400,outbound,-45.245,-6.985,0.119,-1.0679,0.084,-0.147
84.500,outbound,-45.242,-6.990,0.119,-1.0667,0.042,0.400
84.600,outbound,-45.240,-6.995,0.119,-1.0617,0.042,0.316
84.700,outbound,-45.236,-7.000,0.118,-1.0581,0.042,0.316
84.800,outbound,-45.233,-7.007,0.118,-1.0545,0.042,0.358
84.900,outbound,-45.230,-7.012,0.118,-1.0528,0.042,0.021
85.000,outbound,-45.228,-7.015,0.118,-1.0524,0.042,-0.021
85.100,outbound,-45.226,-7.019,0.118,-1.0525,0.042,-0.105
85.200,outbound,-45.224,-7.023,0.118,-1.0527,0.042,-0.147
85.300,outbound,-45.222,-7.028,0.117,-1.0532,0.042,-0.189
85.400,outbound,-45.221,-7.029,0.118,-1.0542,0.042,-0.232
85.500,outbound,-45.221,-7.029,0.118,-1.0546,0.042,-0.232
85.600,outbound,-45.221,-7.029,0.117,-1.0549,0.042,-0.232
85.700,outbound,-45.221,-7.028,0.117,-1.0544,0.042,-0.232
85.800,outbound,-45.221,-7.029,0.117,-1.0554,0.042,-0.232
85.900,outbound,-45.221,-7.030,0.118,-1.0564,0.042,-0.232
86.000,outbound,-45.221,-7.031,0.118,-1.0572,0.042,-0.232
86.100,outbound,-45.220,-7.031,0.118,-1.0578,0.042,-0.232
86.200,outbound,-45.221,-7.031,0.118,-1.0580,0.042,-0.232
86.300,outbound,-45.221,-7.031,0.118,-1.0581,0.042,-0.232
86.400,outbound,-45.221,-7.031,0.118,-1.0587,0.042,-0.232
86.500,outbound,-45.220,-7.032,0.118,-1.0590,0.042,-0.232
86.600,outbound,-45.220,-7.031,0.118,-1.0589,0.042,-0.232
86.700,outbound,-45.220,-7.031,0.118,-1.0592,0.042,-0.232
86.800,outbound,-45.220,-7.031,0.118,-1.0590,0.042,-0.232
86.900,outbound,-45.220,-7.033,0.118,-1.0601,0.042,-0.232
87.000,outbound,-45.220,-7.034,0.118,-1.0611,0.042,-0.232
87.100,outbound,-45.219,-7.035,0.118,-1.0618,0.042,-0.232
87.200,outbound,-45.219,-7.035,0.118,-1.0631,0.042,-0.274
87.300,outbound,-45.219,-7.035,0.118,-1.0635,0.042,-0.232
87.400,outbound,-45.219,-7.035,0.118,-1.0634,0.042,-0.232
87.500,outbound,-45.220,-7.035,0.118,-1.0641,0.042,-0.232
87.600,outbound,-45.219,-7.037,0.118,-1.0651,0.042,-0.274
87.700,outbound,-45.219,-7.039,0.119,-1.0680,0.042,-0.274
87.800,outbound,-45.219,-7.040,0.119,-1.0702,0.042,-0.274
87.900,outbound,-45.219,-7.040,0.118,-1.0707,0.042,-0.274
88.000,outbound,-45.218,-7.041,0.118,-1.0710,0.042,-0.232
88.100,outbound,-45.217,-7.041,0.118,-1.0712,0.042,-0.189
88.200,outbound,-45.217,-7.042,0.119,-1.0709,0.042,-0.147
88.300,outbound,-45.217,-7.043,0.119,-1.0709,0.042,-0.105
88.400,outbound,-45.217,-7.043,0.119,-1.0707,0.042,-0.063
88.500,outbound,-45.216,-7.044,0.119,-1.0707,0.042,-0.021
88.600,outbound,-45.216,-7.045,0.119,-1.0705,0.042,0.000
88.700,outbound,-45.215,-7.046,0.119,-1.0703,0.042,0.063
88.800,outbound,-45.214,-7.047,0.119,-1.0700,0.042,0.105
88.900,outbound,-45.214,-7.048,0.119,-1.0696,0.042,0.189
89.000,outbound,-45.213,-7.049,0.120,-1.0695,0.042,0.189
89.100,outbound,-45.212,-7.051,0.120,-1.0704,0.042,-0.063
89.200,outbound,-45.211,-7.054,0.120,-1.0702,0.042,-0.021
89.300,outbound,-45.210,-7.056,0.120,-1.0694,0.042,-0.021
89.400,outbound,-45.209,-7.058,0.120,-1.0691,0.042,0.000
89.500,outbound,-45.208,-7.060,0.120,-1.0691,0.042,0.063
89.600,outbound,-45.206,-7.063,0.120,-1.0687,0.042,0.063
89.700,outbound,-45.204,-7.067,0.120,-1.0687,0.042,0.105
89.800,outbound,-45.202,-7.071,0.120,-1.0685,0.042,0.147
89.900,outbound,-45.199,-7.075,0.120,-1.0733,0.042,-0.400
90.000,outbound,-45.197,-7.078,0.120,-1.0807,0.042,-0.400
90.100,outbound,-45.196,-7.080,0.120,-1.0851,0.042,-0.400
90.200,outbound,-45.199,-7.076,0.120,-1.0846,-0.250,0.000
90.300,outbound,-45.212,-7.054,0.119,-1.0845,-0.250,0.000
90.400,outbound,-45.224,-7.030,0.119,-1.0841,-0.250,0.000
90.500,outbound,-45.235,-7.005,0.118,-1.0846,-0.250,0.000
90.600,outbound,-45.249,-6.982,0.119,-1.0848,-0.250,0.000
90.700,outbound,-45.261,-6.959,0.119,-1.0834,-0.250,0.000
90.800,outbound,-45.275,-6.935,0.117,-1.0839,-0.250,0.000
90.900,outbound,-45.287,-6.912,0.118,-1.0831,-0.250,0.000
91.000,outbound,-45.299,-6.888,0.117,-1.0833,-0.250,0.000
91.100,outbound,-45.312,-6.864,0.117,-1.0833,-0.250,0.000
91.200,outbound,-45.325,-6.840,0.117,-1.0835,-0.250,0.000
91.300,outbound,-45.337,-6.816,0.115,-1.0845,-0.250,0.000
91.400,outbound,-45.350,-6.792,0.116,-1.0853,-0.250,0.000
91.500,outbound,-45.362,-6.768,0.115,-1.0849,-0.250,0.000
91.600,outbound,-45.375,-6.745,0.115,-1.0845,-0.250,0.000
91.700,outbound,-45.388,-6.720,0.114,-1.0833,-0.250,0.000
91.800,outbound,-45.401,-6.696,0.113,-1.0838,-0.250,0.000
91.900,outbound,-45.413,-6.673,0.114,-1.0821,-0.250,0.000
92.000,outbound,-45.425,-6.650,0.114,-1.0826,-0.250,0.000
92.100,outbound,-45.438,-6.627,0.113,-1.0824,-0.250,0.000
92.200,outbound,-45.451,-6.602,0.113,-1.0821,-0.250,0.000
92.300,outbound,-45.464,-6.578,0.112,-1.0830,-0.250,0.000
92.400,outbound,-45.478,-6.554,0.111,-1.0828,-0.250,0.000
92.500,outbound,-45.489,-6.530,0.111,-1.0823,-0.250,0.000
92.600,outbound,-45.502,-6.506,0.109,-1.0831,-0.250,0.000
92.700,outbound,-45.514,-6.483,0.111,-1.0820,-0.250,0.000
92.800,outbound,-45.527,-6.459,0.110,-1.0829,-0.250,0.000
92.900,outbound,-45.540,-6.435,0.110,-1.0832,-0.250,0.000
93.000,outbound,-45.552,-6.411,0.109,-1.0826,-0.250,0.000
93.100,outbound,-45.565,-6.388,0.109,-1.0829,-0.250,0.000
93.200,outbound,-45.578,-6.364,0.108,-1.0824,-0.250,0.000
93.300,outbound,-45.591,-6.340,0.108,-1.0831,-0.250,0.000
93.400,outbound,-45.604,-6.316,0.107,-1.0836,-0.250,0.000
93.500,outbound,-45.616,-6.294,0.108,-1.0828,-0.250,0.000
93.600,outbound,-45.629,-6.272,0.109,-1.0825,-0.250,0.000
93.700,outbound,-45.642,-6.248,0.108,-1.0826,-0.250,0.000
93.800,outbound,-45.654,-6.223,0.107,-1.0833,-0.250,0.000
93.900,outbound,-45.667,-6.201,0.107,-1.0825,-0.250,0.000
94.000,outbound,-45.677,-6.180,0.109,-1.0816,0.000,0.000
94.100,outbound,-45.683,-6.172,0.109,-1.0818,0.000,0.000
94.200,outbound,-45.684,-6.170,0.109,-1.0810,0.000,0.000
94.300,outbound,-45.684,-6.168,0.109,-1.0811,0.000,0.000
94.400,outbound,-45.685,-6.167,0.109,-1.0811,0.000,0.000
94.500,outbound,-45.686,-6.165,0.109,-1.0811,0.000,0.000
94.600,outbound,-45.687,-6.163,0.108,-1.0810,0.000,0.000
94.700,outbound,-45.689,-6.160,0.108,-1.0813,0.000,0.000
94.800,outbound,-45.689,-6.160,0.108,-1.0816,0.000,0.000
94.900,outbound,-45.689,-6.160,0.108,-1.0816,0.000,0.000
95.000,outbound,-45.689,-6.160,0.108,-1.0816,0.000,0.000
95.100,outbound,-45.689,-6.160,0.108,-1.0816,0.000,0.000
95.200,outbound,-45.689,-6.160,0.108,-1.0816,0.800,-0.274
95.300,outbound,-45.676,-6.184,0.107,-1.0768,0.800,-0.274
95.400,outbound,-45.644,-6.243,0.108,-1.0823,0.800,-0.105
95.500,outbound,-45.607,-6.311,0.109,-1.0855,0.800,-0.358
95.600,outbound,-45.571,-6.382,0.109,-1.0921,0.800,-0.358
95.700,outbound,-45.533,-6.455,0.110,-1.1005,0.800,-0.063
95.800,outbound,-45.495,-6.529,0.110,-1.1072,0.800,-0.105
95.900,outbound,-45.460,-6.603,0.113,-1.1171,0.800,-0.232
96.000,outbound,-45.425,-6.675,0.114,-1.1220,0.800,-0.400
96.100,outbound,-45.390,-6.747,0.114,-1.1279,0.716,0.021
96.200,outbound,-45.359,-6.815,0.117,-1.1258,0.758,0.063
96.300,outbound,-45.327,-6.883,0.117,-1.1241,0.800,0.189
96.400,outbound,-45.295,-6.952,0.119,-1.1256,0.716,0.021
96.500,outbound,-45.269,-7.009,0.120,-1.1173,0.042,-0.400
96.600,outbound,-45.260,-7.025,0.119,-1.1146,0.000,0.021
96.700,outbound,-45.260,-7.027,0.119,-1.1146,0.000,0.021
96.800,outbound,-45.259,-7.029,0.119,-1.1146,0.000,0.021
96.900,outbound,-45.258,-7.029,0.119,-1.1193,0.000,-0.400
97.000,outbound,-45.257,-7.029,0.119,-1.1282,0.000,-0.400
97.100,outbound,-45.258,-7.029,0.119,-1.1380,0.000,-0.400
97.200,outbound,-45.259,-7.028,0.119,-1.1494,0.000,-0.400
97.300,outbound,-45.261,-7.027,0.119,-1.1615,0.000,-0.400
97.400,outbound,-45.261,-7.027,0.119,-1.1644,0.000,-0.400
97.500,outbound,-45.261,-7.028,0.119,-1.1644,0.000,-0.400
97.600,outbound,-45.261,-7.029,0.119,-1.1642,0.000,-0.400
97.700,outbound,-45.261,-7.029,0.119,-1.1648,0.000,-0.400
97.800,outbound,-45.261,-7.029,0.119,-1.1689,0.000,-0.400
97.900,outbound,-45.261,-7.028,0.119,-1.1730,0.000,-0.400
98.000,outbound,-45.261,-7.026,0.119,-1.1785,0.000,-0.400
98.100,outbound,-45.255,-7.038,0.120,-1.1758,0.421,0.400
98.200,outbound,-45.244,-7.057,0.119,-1.1806,0.084,0.021
98.300,outbound,-45.238,-7.073,0.119,-1.1721,0.084,-0.063
98.400,outbound,-45.236,-7.077,0.120,-1.1678,0.042,0.358
98.500,outbound,-45.236,-7.078,0.120,-1.1672,0.042,0.316
98.600,outbound,-45.235,-7.080,0.120,-1.1670,0.042,0.316
98.700,outbound,-45.235,-7.081,0.120,-1.1677,-0.250,0.000
98.800,outbound,-45.241,-7.065,0.120,-1.1708,-0.250,0.000
98.900,outbound,-45.251,-7.041,0.120,-1.1698,-0.250,0.000
99.000,outbound,-45.262,-7.014,0.118,-1.1707,-0.250,0.000
99.100,outbound,-45.272,-6.992,0.120,-1.1706,-0.250,0.000
99.200,outbound,-45.282,-6.967,0.119,-1.1707,-0.250,0.000
99.300,outbound,-45.293,-6.942,0.118,-1.1695,-0.250,0.000
99.400,outbound,-45.304,-6.917,0.118,-1.1704,-0.250,0.000
99.500,outbound,-45.315,-6.892,0.117,-1.1699,-0.250,0.000
99.600,outbound,-45.325,-6.868,0.117,-1.1707,-0.250,0.000
99.700,outbound,-45.335,-6.843,0.117,-1.1713,-0.250,0.000
99.800,outbound,-45.346,-6.818,0.115,-1.1704,-0.250,0.000
99.900,outbound,-45.357,-6.793,0.116,-1.1707,-0.250,0.000
100.000,outbound,-45.367,-6.768,0.115,-1.1705,-0.250,0.000
100.100,outbound,-45.377,-6.743,0.115,-1.1715,-0.250,0.000
100.200,outbound,-45.388,-6.719,0.115,-1.1708,-0.250,0.000
100.300,outbound,-45.399,-6.694,0.113,-1.1709,-0.250,0.000
100.400,outbound,-45.409,-6.670,0.114,-1.1696,-0.250,0.000
100.500,outbound,-45.420,-6.644,0.113,-1.1705,-0.250,0.000
100.600,outbound,-45.431,-6.619,0.112,-1.1718,-0.250,0.000
100.700,outbound,-45.441,-6.595,0.113,-1.1713,-0.250,0.000
100.800,outbound,-45.451,-6.569,0.111,-1.1704,-0.250,0.000
100.900,outbound,-45.463,-6.546,0.112,-1.1705,-0.250,0.000
101.000,outbound,-45.473,-6.520,0.111,-1.1709,-0.250,0.000
101.100,outbound,-45.483,-6.495,0.110,-1.1703,-0.250,0.000
101.200,outbound,-45.493,-6.471,0.111,-1.1705,-0.250,0.000
101.300,outbound,-45.503,-6.446,0.109,-1.1712,-0.250,0.000
101.400,outbound,-45.514,-6.421,0.109,-1.1703,-0.250,0.000
101.500,outbound,-45.524,-6.396,0.109,-1.1718,-0.250,0.000
101.600,outbound,-45.535,-6.371,0.108,-1.1727,-0.250,0.000
101.700,outbound,-45.545,-6.347,0.109,-1.1728,-0.250,0.000
101.800,outbound,-45.556,-6.322,0.108,-1.1719,-0.250,0.000
101.900,outbound,-45.567,-6.298,0.108,-1.1728,-0.250,0.000
102.000,outbound,-45.577,-6.273,0.108,-1.1719,-0.250,0.000
102.100,outbound,-45.587,-6.247,0.107,-1.1728,-0.250,0.000
102.200,outbound,-45.598,-6.224,0.107,-1.1723,-0.250,0.000
102.300,outbound,-45.608,-6.200,0.107,-1.1725,-0.250,0.000
102.400,outbound,-45.618,-6.177,0.108,-1.1717,-0.250,0.000
102.500,outbound,-45.628,-6.153,0.108,-1.1717,-0.250,0.000
102.600,outbound,-45.636,-6.135,0.107,-1.1723,0.000,0.000
102.700,outbound,-45.637,-6.133,0.107,-1.1727,0.000,0.000
102.800,outbound,-45.637,-6.133,0.107,-1.1729,0.000,0.000
102.900,outbound,-45.637,-6.133,0.107,-1.1729,0.000,0.000
103.000,outbound,-45.637,-6.133,0.107,-1.1729,0.000,0.000
103.100,outbound,-45.637,-6.133,0.107,-1.1729,0.000,0.000
103.200,outbound,-45.637,-6.133,0.107,-1.1729,0.000,0.000
103.300,outbound,-45.637,-6.133,0.107,-1.1729,0.000,0.000
103.400,outbound,-45.637,-6.133,0.107,-1.1729,0.000,0.000
103.500,outbound,-45.637,-6.133,0.107,-1.1729,0.000,0.000
103.600,outbound,-45.637,-6.133,0.107,-1.1729,0.000,0.000
103.700,outbound,-45.637,-6.133,0.107,-1.1729,0.000,0.000
103.800,outbound,-45.629,-6.150,0.108,-1.1628,0.758,0.105
103.900,outbound,-45.604,-6.205,0.108,-1.1501,0.800,0.105
104.000,outbound,-45.571,-6.275,0.108,-1.1450,0.758,0.147
104.100,outbound,-45.539,-6.347,0.108,-1.1441,0.800,0.232
104.200,outbound,-45.504,-6.419,0.109,-1.1315,0.758,0.316
104.300,outbound,-45.471,-6.493,0.110,-1.1249,0.800,0.358
104.400,outbound,-45.436,-6.565,0.112,-1.1201,0.758,0.400
104.500,outbound,-45.402,-6.634,0.113,-1.1070,0.800,0.400
104.600,outbound,-45.364,-6.705,0.115,-1.0952,0.758,0.400
104.700,outbound,-45.327,-6.772,0.116,-1.0843,0.800,0.400
104.800,outbound,-45.290,-6.843,0.117,-1.0738,0.758,0.400
104.900,outbound,-45.251,-6.913,0.116,-1.0651,0.800,0.400
105.000,outbound,-45.214,-6.974,0.118,-1.0570,-0.250,0.000
105.100,outbound,-45.201,-6.994,0.119,-1.0630,-0.250,0.000
105.200,outbound,-45.209,-6.978,0.118,-1.0654,-0.250,0.000
105.300,outbound,-45.223,-6.955,0.118,-1.0662,-0.250,0.000
105.400,outbound,-45.235,-6.932,0.118,-1.0655,-0.250,0.000
105.500,outbound,-45.248,-6.909,0.118,-1.0658,-0.250,0.000
105.600,outbound,-45.262,-6.885,0.118,-1.0644,-0.250,0.000
105.700,outbound,-45.275,-6.861,0.117,-1.0652,-0.250,0.000
105.800,outbound,-45.288,-6.836,0.116,-1.0655,-0.250,0.000
105.900,outbound,-45.301,-6.814,0.116,-1.0643,-0.250,0.000
106.000,outbound,-45.313,-6.791,0.116,-1.0653,-0.250,0.000
106.100,outbound,-45.327,-6.767,0.115,-1.0652,-0.250,0.000
106.200,outbound,-45.340,-6.743,0.115,-1.0646,-0.250,0.000
106.300,outbound,-45.353,-6.719,0.113,-1.0648,-0.250,0.000
106.400,outbound,-45.365,-6.697,0.114,-1.0653,-0.250,0.000
106.500,outbound,-45.378,-6.673,0.114,-1.0649,-0.250,0.000
106.600,outbound,-45.392,-6.649,0.113,-1.0643,-0.250,0.000
106.700,outbound,-45.405,-6.626,0.112,-1.0642,-0.250,0.000
106.800,outbound,-45.418,-6.602,0.112,-1.0651,-0.250,0.000
106.900,outbound,-45.432,-6.579,0.112,-1.0638,-0.250,0.000
107.000,outbound,-45.443,-6.555,0.112,-1.0647,-0.250,0.000
107.100,outbound,-45.458,-6.531,0.110,-1.0654,-0.250,0.000
107.200,outbound,-45.470,-6.508,0.111,-1.0649,-0.250,0.000
107.300,outbound,-45.484,-6.484,0.110,-1.0645,-0.250,0.000
107.400,outbound,-45.497,-6.462,0.111,-1.0657,-0.250,0.000
107.500,outbound,-45.510,-6.438,0.110,-1.0661,-0.250,0.000
107.600,outbound,-45.523,-6.416,0.109,-1.0660,-0.250,0.000
107.700,outbound,-45.536,-6.391,0.109,-1.0655,-0.250,0.000
107.800,outbound,-45.549,-6.367,0.107,-1.0676,-0.250,0.000
107.900,outbound,-45.563,-6.344,0.108,-1.0669,-0.250,0.000
108.000,outbound,-45.574,-6.321,0.109,-1.0675,-0.250,0.000
108.100,outbound,-45.588,-6.299,0.109,-1.0685,-0.250,0.000
108.200,outbound,-45.601,-6.276,0.109,-1.0678,-0.250,0.000
108.300,outbound,-45.614,-6.251,0.107,-1.0668,-0.250,0.000
108.400,outbound,-45.627,-6.228,0.107,-1.0688,-0.250,0.000
108.500,outbound,-45.639,-6.207,0.109,-1.0680,-0.250,0.000
108.600,outbound,-45.652,-6.183,0.108,-1.0670,-0.250,0.000
108.700,outbound,-45.666,-6.160,0.108,-1.0665,-0.250,0.000
108.800,outbound,-45.678,-6.136,0.107,-1.0676,-0.250,0.000
108.900,outbound,-45.687,-6.121,0.107,-1.0701,0.800,0.105
109.000,outbound,-45.674,-6.148,0.109,-1.0733,0.758,0.063
109.100,outbound,-45.643,-6.205,0.107,-1.0709,0.800,0.063
109.200,outbound,-45.603,-6.276,0.108,-1.0692,0.800,0.063
109.300,outbound,-45.564,-6.349,0.109,-1.0675,0.800,0.021
109.400,outbound,-45.525,-6.422,0.110,-1.0682,0.758,0.147
109.500,outbound,-45.486,-6.491,0.110,-1.0650,0.758,0.232
109.600,outbound,-45.447,-6.560,0.111,-1.0570,0.758,0.316
109.700,outbound,-45.408,-6.627,0.113,-1.0463,-0.250,0.000
109.800,outbound,-45.389,-6.666,0.113,-1.0469,-0.250,0.000
109.900,outbound,-45.391,-6.662,0.114,-1.0519,-0.250,0.000
110.000,outbound,-45.403,-6.639,0.113,-1.0513,-0.250,0.000
110.100,outbound,-45.417,-6.615,0.112,-1.0514,-0.250,0.000
110.200,outbound,-45.430,-6.593,0.113,-1.0530,-0.250,0.000
110.300,outbound,-45.444,-6.568,0.111,-1.0522,-0.250,0.000
110.400,outbound,-45.456,-6.544,0.111,-1.0514,-0.250,0.000
110.500,outbound,-45.469,-6.522,0.111,-1.0515,-0.250,0.000
110.600,outbound,-45.483,-6.499,0.111,-1.0515,-0.250,0.000
110.700,outbound,-45.496,-6.475,0.110,-1.0509,-0.250,0.000
110.800,outbound,-45.510,-6.451,0.110,-1.0498,-0.250,0.000
110.900,outbound,-45.523,-6.428,0.109,-1.0507,-0.250,0.000
111.000,outbound,-45.537,-6.405,0.110,-1.0506,-0.250,0.000
111.100,outbound,-45.551,-6.381,0.108,-1.0487,-0.250,0.000
111.200,outbound,-45.563,-6.359,0.109,-1.0491,-0.250,0.000
111.300,outbound,-45.577,-6.337,0.109,-1.0492,-0.250,0.000
111.400,outbound,-45.589,-6.313,0.107,-1.0473,-0.250,0.000
111.500,outbound,-45.603,-6.290,0.108,-1.0478,-0.250,0.000
111.600,outbound,-45.617,-6.268,0.109,-1.0486,-0.250,0.000
111.700,outbound,-45.630,-6.245,0.108,-1.0479,-0.250,0.000
111.800,outbound,-45.643,-6.223,0.109,-1.0473,-0.250,0.000
111.900,outbound,-45.656,-6.199,0.107,-1.0470,-0.250,0.000
112.000,outbound,-45.670,-6.177,0.108,-1.0477,-0.250,0.000
112.100,outbound,-45.683,-6.156,0.109,-1.0458,-0.250,0.000
112.200,outbound,-45.696,-6.131,0.108,-1.0459,-0.250,0.000
112.300,outbound,-45.709,-6.109,0.107,-1.0464,-0.250,0.000
112.400,outbound,-45.724,-6.086,0.107,-1.0454,-0.250,0.000
112.500,outbound,-45.735,-6.064,0.108,-1.0454,-0.250,0.000
112.600,outbound,-45.745,-6.043,0.108,-1.0474,-0.250,0.000
112.700,outbound,-45.758,-6.023,0.109,-1.0469,-0.250,0.000
112.800,outbound,-45.773,-5.999,0.108,-1.0438,-0.250,0.000
112.900,outbound,-45.787,-5.977,0.109,-1.0439,-0.250,0.000
113.000,outbound,-45.799,-5.953,0.107,-1.0446,-0.250,0.000
113.100,return,-45.877,-5.820,0.108,-1.0434,-0.250,0.000
113.200,return,-45.888,-5.803,0.108,-1.0422,-0.250,0.000
113.300,return,-45.899,-5.784,0.109,-1.0427,-0.250,0.000
113.400,return,-45.914,-5.760,0.108,-1.0409,-0.250,0.000
113.500,return,-45.926,-5.738,0.109,-1.0398,-0.250,0.000
113.600,return,-45.940,-5.715,0.108,-1.0409,-0.250,0.000
113.700,return,-45.954,-5.692,0.109,-1.0400,-0.250,0.000
113.800,return,-45.967,-5.670,0.109,-1.0395,-0.250,0.000
113.900,return,-45.980,-5.647,0.109,-1.0418,-0.250,0.000
114.000,return,-45.994,-5.623,0.109,-1.0411,-0.250,0.000
114.100,return,-46.006,-5.602,0.109,-1.0413,-0.250,0.000
114.200,return,-46.019,-5.579,0.109,-1.0420,-0.250,0.000
114.300,return,-46.032,-5.557,0.111,-1.0418,-0.250,0.000
114.400,return,-46.046,-5.535,0.110,-1.0416,-0.250,0.000
114.500,return,-46.059,-5.512,0.112,-1.0425,-0.250,0.000
114.600,return,-46.073,-5.489,0.111,-1.0414,-0.250,0.000
114.700,return,-46.086,-5.468,0.112,-1.0423,-0.250,0.000
114.800,return,-46.099,-5.444,0.112,-1.0409,-0.250,0.000
114.900,return,-46.113,-5.421,0.112,-1.0426,-0.250,0.000
115.000,return,-46.126,-5.400,0.113,-1.0430,-0.250,0.000
115.100,return,-46.205,-5.265,0.116,-1.0441,-0.250,0.000
115.200,return,-46.218,-5.243,0.116,-1.0441,-0.250,0.000
115.300,return,-46.231,-5.220,0.117,-1.0444,-0.250,0.000
115.400,return,-46.244,-5.197,0.117,-1.0431,-0.250,0.000
115.500,return,-46.258,-5.175,0.117,-1.0447,-0.250,0.000
115.600,return,-46.272,-5.151,0.117,-1.0426,-0.250,0.000
115.700,return,-46.284,-5.129,0.117,-1.0426,-0.250,0.000
115.800,return,-46.297,-5.107,0.118,-1.0427,-0.250,0.000
115.900,return,-46.310,-5.085,0.119,-1.0427,-0.250,0.000
116.000,return,-46.324,-5.062,0.119,-1.0425,-0.250,0.000
